episode,status,final_distance_to_target,final_x,final_y,final_z,final_dx,final_dy,final_dz,episode_return,steps,targets_reached,total_targets,sequence_completion_rate,minimum_obstacle_sonar_range,safety_filter_overrides,sonar_near_miss_count,average_cmd_vx,average_cmd_vy,average_cmd_vz
1,success,0.029178321361541748,0.00622182060033083,0.010199248790740967,1.1733797788619995,-0.00622182060033083,-0.010199248790740967,0.02662026882171631,95.25834294326866,13,0,1,0.0,10.0,0,0,0.01742305219746553,-0.007678802268436322,0.3197687715291977
2,success,0.03069164976477623,0.013121651485562325,0.008315139450132847,1.173530101776123,-0.013121651485562325,-0.008315139450132847,0.026469945907592773,95.19313679820392,13,0,1,0.0,10.0,0,0,0.017036416496221837,-0.00784054516743009,0.320164564710397
3,success,0.028586506843566895,0.014406222850084305,-0.004151527304202318,1.175660490989685,-0.014406222850084305,0.004151527304202318,0.02433955669403076,95.30960765283905,13,0,1,0.0,10.0,0,0,0.01739603768174465,-0.007578113223784245,0.3201942191674159
4,success,0.0358690544962883,0.014855570159852505,0.0030305690597742796,1.1674928665161133,-0.014855570159852505,-0.0030305690597742796,0.03250718116760254,95.05662744144531,13,0,1,0.0,10.0,0,0,0.01729790436533781,-0.007115710383424392,0.32257499717749083
5,success,0.030437860637903214,0.012768679298460484,0.004336406942456961,1.1727123260498047,-0.012768679298460484,-0.004336406942456961,0.027287721633911133,95.21614063099759,13,0,1,0.0,10.0,0,0,0.017246605112002447,-0.0075099094985769345,0.3209134214199506
