episode,status,final_distance_to_target,final_x,final_y,final_z,final_dx,final_dy,final_dz,episode_return,steps,targets_reached,total_targets,sequence_completion_rate,minimum_obstacle_sonar_range,safety_filter_overrides,sonar_near_miss_count,average_cmd_vx,average_cmd_vy,average_cmd_vz
1,success,0.012220539152622223,0.010046836920082569,0.005312844645231962,1.1955082416534424,-0.010046836920082569,-0.005312844645231962,0.0044918060302734375,95.79377231816733,14,0,1,0.0,10.0,0,0,0.017715103791228363,-0.01033787349505084,0.3064138740301132
2,success,0.018985146656632423,0.017874659970402718,0.005434452090412378,1.1966238021850586,-0.017874659970402718,-0.005434452090412378,0.0033762454986572266,95.62433710407932,14,0,1,0.0,10.0,0,0,0.01716426094727857,-0.01050316369427102,0.30758993114743916
3,success,0.016822706907987595,0.014532696455717087,0.0030387507285922766,1.1920899152755737,-0.014532696455717087,-0.0030387507285922766,0.00791013240814209,95.6288074068939,14,0,1,0.0,10.0,0,0,0.017562170246882097,-0.010110693983733654,0.3078753373452595
4,success,0.015068119391798973,0.014158316887915134,0.0020346068777143955,1.195261836051941,-0.014158316887915134,-0.0020346068777143955,0.004738211631774902,95.73506154160991,14,0,1,0.0,10.0,0,0,0.01748003757425717,-0.009824554369385754,0.30963868860687527
5,success,0.010592709295451641,0.006977675948292017,0.0076643540523946285,1.1978148221969604,-0.006977675948292017,-0.0076643540523946285,0.002185225486755371,95.83216790992476,14,0,1,0.0,10.0,0,0,0.017766164216612066,-0.010399000586143561,0.30638004413672854
