episode,status,final_distance_to_target,final_x,final_y,final_z,final_dx,final_dy,final_dz,episode_return,steps,targets_reached,total_targets,sequence_completion_rate,minimum_obstacle_sonar_range,safety_filter_overrides,sonar_near_miss_count,average_cmd_vx,average_cmd_vy,average_cmd_vz
1,success,0.08706928789615631,0.009656828828155994,0.00923083908855915,1.1139616966247559,-0.009656828828155994,-0.00923083908855915,0.08603835105895996,93.67160405962495,11,0,1,0.0,10.0,0,0,0.016759922897273846,-0.0017869734967296774,0.34898723661899567
2,success,0.09060058742761612,0.009868286550045013,0.010752817615866661,1.110582709312439,-0.009868286550045013,-0.010752817615866661,0.08941733837127686,93.55464316199999,11,0,1,0.0,10.0,0,0,0.016790284859863194,-0.0017072130841287699,0.34902436895803973
3,success,0.08793080598115921,0.0015185301890596747,0.014972877688705921,1.113366723060608,-0.0015185301890596747,-0.014972877688705921,0.08663332462310791,93.61946823421893,11,0,1,0.0,10.0,0,0,0.01697591624476693,-0.0015328144654631615,0.3493214805017818
4,success,0.09427335858345032,0.01493349950760603,-0.007771653588861227,1.1072419881820679,-0.01493349950760603,0.007771653588861227,0.09275805950164795,93.41177852516529,11,0,1,0.0,10.0,0,0,0.01723949628120119,-0.001178704710169272,0.35049053213813086
5,success,0.0876968652009964,0.009654244408011436,0.003420734778046608,1.112903356552124,-0.009654244408011436,-0.003420734778046608,0.0870966911315918,93.66255823135957,11,0,1,0.0,10.0,0,0,0.016942613165486942,-0.0014681357213042,0.34999615902250464
