episode,status,final_distance_to_target,final_x,final_y,final_z,final_dx,final_dy,final_dz,episode_return,steps,targets_reached,total_targets,sequence_completion_rate,minimum_obstacle_sonar_range,safety_filter_overrides,sonar_near_miss_count,average_cmd_vx,average_cmd_vy,average_cmd_vz
1,success,0.03925568237900734,0.03911508247256279,-0.0032820217311382294,1.4995026588439941,-0.03911508247256279,0.0032820217311382294,0.0004973411560058594,98.18431818162935,24,0,1,0.0,10.0,0,0,0.021278124613066513,-0.01147898166285207,0.28420483817656833
2,success,0.04041091725230217,0.0398293063044548,0.005915123037993908,1.4965823888778687,-0.0398293063044548,-0.005915123037993908,0.0034176111221313477,98.02062746267067,24,0,1,0.0,10.0,0,0,0.021097010389591258,-0.011679511109832674,0.284445494102935
3,success,0.03604532405734062,0.03297576680779457,0.013289553113281727,1.4940626621246338,-0.03297576680779457,-0.013289553113281727,0.005937337875366211,98.05424974871093,24,0,1,0.0,10.0,0,0,0.021372296071300905,-0.01164787974751865,0.2851785374805331
4,success,0.032872844487428665,0.03117091953754425,0.00969480536878109,1.4961259365081787,-0.03117091953754425,-0.00969480536878109,0.003874063491821289,98.20001093715778,24,0,1,0.0,10.0,0,0,0.021515262002746265,-0.011598713540782532,0.28448826881746453
5,success,0.029691560193896294,0.028170259669423103,0.007906556129455566,1.4949491024017334,-0.028170259669423103,-0.007906556129455566,0.0050508975982666016,98.25929526504828,24,0,1,0.0,10.0,0,0,0.02168454493706425,-0.01113971066661179,0.28616521942118806
