episode,status,final_distance_to_target,final_x,final_y,final_z,final_dx,final_dy,final_dz,episode_return,steps,targets_reached,total_targets,sequence_completion_rate,minimum_obstacle_sonar_range,safety_filter_overrides,sonar_near_miss_count,average_cmd_vx,average_cmd_vy,average_cmd_vz
1,success,0.12431255728006363,0.010500947944819927,0.010687832720577717,1.0765937566757202,-0.010500947944819927,-0.010687832720577717,0.1234062910079956,92.65773573397193,10,0,1,0.0,10.0,0,0,0.01658987682312727,0.0011596892029047013,0.36298306882381437
2,success,0.1208190843462944,0.0102176982909441,0.004764188546687365,1.0797080993652344,-0.0102176982909441,-0.004764188546687365,0.12029194831848145,92.78085281020577,10,0,1,0.0,10.0,0,0,0.016585279256105423,0.0015673135407269002,0.3655513823032379
3,success,0.11688904464244843,0.004014216363430023,0.008891965262591839,1.0835188627243042,-0.004014216363430023,-0.008891965262591839,0.11648118495941162,92.8925172938207,10,0,1,0.0,10.0,0,0,0.016693141497671603,0.0014923837035894394,0.3644499510526657
4,success,0.1265244483947754,0.008279051631689072,0.010591467842459679,1.0741918087005615,-0.008279051631689072,-0.010591467842459679,0.1258082389831543,92.60231699868804,10,0,1,0.0,10.0,0,0,0.016620482690632342,0.001623160019516945,0.3650449201464653
5,success,0.12431862205266953,0.007180273067206144,0.01368597149848938,1.076645851135254,-0.007180273067206144,-0.01368597149848938,0.12335419654846191,92.65875303264882,10,0,1,0.0,10.0,0,0,0.01651182845234871,0.0014158450067043304,0.36437963992357253
